{
  "MobileNetV3 CIFAR-10": {
    "lambda_0": {
      "accuracies": [
        0.1734,
        0.1754,
        0.1818,
        0.173,
        0.5824
      ]
    },
    "lambda_200": {
      "accuracies": [
        0.203,
        0.1716,
        0.1892,
        0.172,
        0.5164
      ]
    },
    "lambda_500": {
      "accuracies": [
        0.1376,
        0.1388,
        0.1536,
        0.1338,
        0.492
      ]
    },
    "lambda_1000": {
      "accuracies": [
        0.1386,
        0.1372,
        0.1484,
        0.126,
        0.4752
      ]
    },
    "lambda_2000": {
      "accuracies": [
        0.1612,
        0.156,
        0.1742,
        0.15,
        0.4638
      ]
    },
    "lambda_5000": {
      "accuracies": [
        0.1222,
        0.1348,
        0.1334,
        0.1244,
        0.443
      ]
    },
    "annealed": {
      "accuracies": [
        0.224,
        0.2446,
        0.2368,
        0.2082,
        0.4802
      ]
    }
  },
  "MobileNetV3 CIFAR-100": {
    "lambda_0": {
      "accuracies": [
        0.0,
        0.0,
        0.0,
        0.0,
        0.0,
        0.0,
        0.0,
        0.0,
        0.002,
        0.733
      ],
      "average": 0.0735,
      "final_task": 0.733,
      "early_avg": 0.00022222222222222223,
      "forgetting": 0.9997777777777778
    },
    "lambda_200": {
      "accuracies": [
        0.001,
        0.001,
        0.002,
        0.0,
        0.0,
        0.0,
        0.001,
        0.0,
        0.001,
        0.667
      ],
      "average": 0.0673,
      "final_task": 0.667,
      "early_avg": 0.0006666666666666666,
      "forgetting": 0.9993333333333333
    },
    "lambda_500": {
      "accuracies": [
        0.001,
        0.002,
        0.0,
        0.0,
        0.001,
        0.0,
        0.0,
        0.006,
        0.0,
        0.633
      ],
      "average": 0.0643,
      "final_task": 0.633,
      "early_avg": 0.0011111111111111111,
      "forgetting": 0.9988888888888889
    },
    "lambda_1000": {
      "accuracies": [
        0.0,
        0.0,
        0.0,
        0.0,
        0.001,
        0.0,
        0.002,
        0.023,
        0.001,
        0.626
      ],
      "average": 0.0653,
      "final_task": 0.626,
      "early_avg": 0.003,
      "forgetting": 0.997
    },
    "lambda_2000": {
      "accuracies": [
        0.0,
        0.0,
        0.0,
        0.0,
        0.0,
        0.0,
        0.0,
        0.003,
        0.014,
        0.598
      ],
      "average": 0.0615,
      "final_task": 0.598,
      "early_avg": 0.001888888888888889,
      "forgetting": 0.9981111111111111
    },
    "lambda_5000": {
      "accuracies": [
        0.0,
        0.0,
        0.0,
        0.0,
        0.0,
        0.0,
        0.0,
        0.008,
        0.031,
        0.557
      ],
      "average": 0.05960000000000001,
      "final_task": 0.557,
      "early_avg": 0.004333333333333333,
      "forgetting": 0.9956666666666667
    },
    "annealed": {
      "accuracies": [
        0.0,
        0.0,
        0.0,
        0.0,
        0.0,
        0.0,
        0.0,
        0.002,
        0.001,
        0.631
      ],
      "average": 0.0634,
      "final_task": 0.631,
      "early_avg": 0.0003333333333333333,
      "forgetting": 0.9996666666666667
    }
  },
  "ResNet-18 CIFAR-10": {
    "lambda_0": {
      "accuracies": [
        0.3737,
        0.3737,
        0.3737,
        0.3737,
        0.3737
      ],
      "average": 0.3737,
      "final_task": 0.3737,
      "early_avg": 0.3737,
      "forgetting": 0.6263000000000001
    },
    "lambda_200": {
      "accuracies": [
        0.4832,
        0.4832,
        0.4832,
        0.4832,
        0.4832
      ],
      "average": 0.48319999999999996,
      "final_task": 0.4832,
      "early_avg": 0.4832,
      "forgetting": 0.5167999999999999
    },
    "lambda_500": {
      "accuracies": [
        0.5162,
        0.5162,
        0.5162,
        0.5162,
        0.5162
      ],
      "average": 0.5162,
      "final_task": 0.5162,
      "early_avg": 0.5162,
      "forgetting": 0.4838
    },
    "lambda_1000": {
      "accuracies": [
        0.3679,
        0.3679,
        0.3679,
        0.3679,
        0.3679
      ],
      "average": 0.3679,
      "final_task": 0.3679,
      "early_avg": 0.3679,
      "forgetting": 0.6321
    },
    "lambda_2000": {
      "accuracies": [
        0.3735,
        0.3735,
        0.3735,
        0.3735,
        0.3735
      ],
      "average": 0.3735,
      "final_task": 0.3735,
      "early_avg": 0.3735,
      "forgetting": 0.6265000000000001
    },
    "lambda_5000": {
      "accuracies": [
        0.3951,
        0.3951,
        0.3951,
        0.3951,
        0.3951
      ],
      "average": 0.3951,
      "final_task": 0.3951,
      "early_avg": 0.3951,
      "forgetting": 0.6049
    },
    "annealed": {
      "accuracies": [
        0.4581,
        0.4581,
        0.4581,
        0.4581,
        0.4581
      ],
      "average": 0.45810000000000006,
      "final_task": 0.4581,
      "early_avg": 0.4581,
      "forgetting": 0.5419
    }
  },
  "ResNet-18 CIFAR-100": {
    "lambda_0": {
      "accuracies": [
        0.0,
        0.0,
        0.0,
        0.0,
        0.0,
        0.0,
        0.0,
        0.0,
        0.0,
        0.728
      ],
      "average": 0.0728,
      "final_task": 0.728,
      "early_avg": 0.0,
      "forgetting": 1.0
    },
    "lambda_200": {
      "accuracies": [
        0.0,
        0.0,
        0.0,
        0.0,
        0.0,
        0.001,
        0.0,
        0.0,
        0.0,
        0.582
      ],
      "average": 0.0583,
      "final_task": 0.582,
      "early_avg": 0.00011111111111111112,
      "forgetting": 0.9998888888888889
    },
    "lambda_500": {
      "accuracies": [
        0.0,
        0.0,
        0.0,
        0.0,
        0.0,
        0.0,
        0.0,
        0.0,
        0.0,
        0.688
      ],
      "average": 0.0688,
      "final_task": 0.688,
      "early_avg": 0.0,
      "forgetting": 1.0
    },
    "lambda_1000": {
      "accuracies": [
        0.0,
        0.0,
        0.0,
        0.0,
        0.0,
        0.0,
        0.0,
        0.0,
        0.0,
        0.698
      ],
      "average": 0.0698,
      "final_task": 0.698,
      "early_avg": 0.0,
      "forgetting": 1.0
    },
    "lambda_2000": {
      "accuracies": [
        0.0,
        0.0,
        0.0,
        0.0,
        0.0,
        0.0,
        0.0,
        0.0,
        0.001,
        0.699
      ],
      "average": 0.06999999999999999,
      "final_task": 0.699,
      "early_avg": 0.00011111111111111112,
      "forgetting": 0.9998888888888889
    },
    "lambda_5000": {
      "accuracies": [
        0.0,
        0.0,
        0.0,
        0.0,
        0.0,
        0.0,
        0.0,
        0.0,
        0.0,
        0.627
      ],
      "average": 0.0627,
      "final_task": 0.627,
      "early_avg": 0.0,
      "forgetting": 1.0
    },
    "annealed": {
      "accuracies": [
        0.0,
        0.0,
        0.0,
        0.0,
        0.0,
        0.0,
        0.0,
        0.0,
        0.0,
        0.638
      ],
      "average": 0.0638,
      "final_task": 0.638,
      "early_avg": 0.0,
      "forgetting": 1.0
    }
  }
}