{
  "accuracies": [
    0.0,
    0.0,
    0.0,
    0.0,
    0.0,
    0.0,
    0.0,
    0.0,
    0.001,
    0.699
  ],
  "average": 0.06999999999999999,
  "final_task": 0.699,
  "early_avg": 0.00011111111111111112,
  "forgetting": 0.9998888888888889
}