{
  "accuracies": [
    0.0,
    0.0,
    0.0,
    0.0,
    0.0,
    0.001,
    0.0,
    0.0,
    0.0,
    0.582
  ],
  "average": 0.0583,
  "final_task": 0.582,
  "early_avg": 0.00011111111111111112,
  "forgetting": 0.9998888888888889
}