{
  "accuracies": [
    0.4832,
    0.4832,
    0.4832,
    0.4832,
    0.4832
  ],
  "average": 0.48319999999999996,
  "final_task": 0.4832,
  "early_avg": 0.4832,
  "forgetting": 0.5167999999999999
}