{
  "accuracies": [
    0.001,
    0.001,
    0.002,
    0.0,
    0.0,
    0.0,
    0.001,
    0.0,
    0.001,
    0.667
  ],
  "average": 0.0673,
  "final_task": 0.667,
  "early_avg": 0.0006666666666666666,
  "forgetting": 0.9993333333333333
}