{
  "accuracies": [
    0.0,
    0.0,
    0.0,
    0.0,
    0.0,
    0.0,
    0.0,
    0.003,
    0.014,
    0.598
  ],
  "average": 0.0615,
  "final_task": 0.598,
  "early_avg": 0.001888888888888889,
  "forgetting": 0.9981111111111111
}