{
  "accuracies": [
    0.0,
    0.0,
    0.0,
    0.0,
    0.0,
    0.0,
    0.0,
    0.0,
    0.002,
    0.733
  ],
  "average": 0.0735,
  "final_task": 0.733,
  "early_avg": 0.00022222222222222223,
  "forgetting": 0.9997777777777778
}