{
  "accuracies": [
    0.0,
    0.0,
    0.0,
    0.0,
    0.0,
    0.0,
    0.0,
    0.008,
    0.031,
    0.557
  ],
  "average": 0.05960000000000001,
  "final_task": 0.557,
  "early_avg": 0.004333333333333333,
  "forgetting": 0.9956666666666667
}