{
  "accuracies": [
    0.001,
    0.002,
    0.0,
    0.0,
    0.001,
    0.0,
    0.0,
    0.006,
    0.0,
    0.633
  ],
  "average": 0.0643,
  "final_task": 0.633,
  "early_avg": 0.0011111111111111111,
  "forgetting": 0.9988888888888889
}