{
  "accuracies": [
    0.0,
    0.0,
    0.0,
    0.0,
    0.0,
    0.0,
    0.0,
    0.002,
    0.001,
    0.631
  ],
  "average": 0.0634,
  "final_task": 0.631,
  "early_avg": 0.0003333333333333333,
  "forgetting": 0.9996666666666667
}